﻿Cluster,Cell type,Abbrev,Marker1,Marker2
1,Interneuron,In,Sst,Gad1
2,Neuron.Slc17a6,N,Nefm,Nell1
3,Entorhinal,Ento,Slc17a7,Ajap1
4,Dentate,D,C1ql2,Penk
5,CA1,CA1,Grm5,Lypd1
6,CA3,CA3,Slc17a7,Pvrl3
7,Astrocyte,A,Gja1,Fabp7
8,Oligodendrocyte,O,Trf,Il33
9,Polydendrocyte,P,Tnr,Ptprz1
10,Microglia_Macrophages,MM,C1qb,Tmem119
11,Ependymal,Ep,Ccdc153,-
12,Choroid,Ch,Ttr,-
13,Neurogenesis,Ng,Sox4,Efhd2
14,Cajal_Retzius,Ca,Slc17a6,-
15,Endothelial_Stalk,EnS,Flt1,Cdkn2b
16,Mural,M,Acta2,Kcnj8
17,Endothelial_Tip,EnT,Dcn,Mgp